{"cameraMode":{"drawMode":0,"name":"Shaded","section":"Shading Mode"},"sceneLighting":true,"audioPlay":false,"sceneViewState":{"m_AlwaysRefresh":false,"showFog":true,"showSkybox":true,"showFlares":true,"showImageEffects":true,"showParticleSystems":true,"showVisualEffectGraphs":true,"m_FxEnabled":true},"in2DMode":false,"pivot":{"x":12.937145233154297,"y":2.7602791786193849,"z":2.933856725692749},"rotation":{"x":-0.06294110417366028,"y":0.010184780694544316,"z":-0.0007064323872327805,"w":-0.9979599118232727},"size":0.30718761682510378,"orthographic":false}